reviewId,productType,reviewer,reviewTimestamp,reviewScore,reviewMaxScore,reviewContentText,reviewOriginalText,translationStatus,reviewMedia,reviewReply,reviewAdditionalInformation,subRatingInformations,reactionSummary,reviewOrigin,reviewOriginLabel,reviewIconUrl
1823218049759584026,HOTEL,"{'reviewerId': None, 'reviewerName': 'S***i', 'reviewerPhotoUrl': None, 'reviewerAppLink': None, 'reviewerWebLink': None, 'reviewerStatus': 'ANONYMOUS', 'reviewerOrigin': None, 'reviewerBadgeUrl': None, 'reviewerToken': None}",1738756227264,10.0,10.0,"Recommend sangat nyaman bersih tenang, cocok untuk trip solo or family","Recommend sangat nyaman bersih tenang, cocok untuk trip solo or family",ORIGINAL,[],"{'replierName': ""Accommodation's Reply"", 'reviewReplyText': 'Hai Kak S***i, Terima kasih telah memilih Hayo Hotel Palembang selama berkunjung di kota Palembang. Senang mendengar Kakak menikmati fasilitas kami. Kami tunggu kedatangannya kembali di Hayo Hotel Palembang, Hotel dekat ptc dan Bandara Palembang. Hormat kami, Management', 'reviewReplyOriginalText': 'Hai Kak S***i, Terima kasih telah memilih Hayo Hotel Palembang selama berkunjung di kota Palembang. Senang mendengar Kakak menikmati fasilitas kami. Kami tunggu kedatangannya kembali di Hayo Hotel Palembang, Hotel dekat ptc dan Bandara Palembang. Hormat kami, Management', 'reviewReplySubmissionTime': {'month': '2', 'day': '11', 'year': '2025'}, 'reviewReplyTranslationStatus': 'ORIGINAL'}",,[],"{'reactionCount': '0', 'hasReacted': False}",TRAVELOKA,,https://ik.imagekit.io/tvlk/image/imageResource/2024/05/15/1715766038135-fac45f7f34fa60416004be216ee5c386.png?tr=q-75
1823006212249098581,HOTEL,"{'reviewerId': '16725490', 'reviewerName': 'eko a. p.', 'reviewerPhotoUrl': None, 'reviewerAppLink': 'traveloka://user_profile/16725490', 'reviewerWebLink': '/user/profile/public/eko-sb34zw', 'reviewerStatus': 'ACTIVE', 'reviewerOrigin': None, 'reviewerBadgeUrl': None, 'reviewerToken': None}",1738554203271,10.0,10.0,shower kencang gak ada obat mantap,shower kencang gak ada obat mantap,ORIGINAL,[],"{'replierName': ""Accommodation's Reply"", 'reviewReplyText': 'Hai Kak Eko A P, Terima kasih telah memilih Hayo Hotel Palembang selama berkunjung di kota Palembang. Senang mendengar Kakak menikmati fasilitas kami. Kami tunggu kedatangannya kembali di Hayo Hotel Palembang, Hotel dekat ptc dan Bandara Palembang. Hormat kami, Management', 'reviewReplyOriginalText': 'Hai Kak Eko A P, Terima kasih telah memilih Hayo Hotel Palembang selama berkunjung di kota Palembang. Senang mendengar Kakak menikmati fasilitas kami. Kami tunggu kedatangannya kembali di Hayo Hotel Palembang, Hotel dekat ptc dan Bandara Palembang. Hormat kami, Management', 'reviewReplySubmissionTime': {'month': '2', 'day': '11', 'year': '2025'}, 'reviewReplyTranslationStatus': 'ORIGINAL'}","{'topSection': {'additionalInformationLabel': 'Staycation', 'additionalInformationIcon': 'https://ik.imagekit.io/tvlk/image/imageResource/2024/10/08/1728378081573-fb82360f6ef37bfb8cac8350209a05ec.png?tr=q-75'}, 'bottomSection': None}",[],"{'reactionCount': '0', 'hasReacted': False}",TRAVELOKA,,https://ik.imagekit.io/tvlk/image/imageResource/2024/05/15/1715766038135-fac45f7f34fa60416004be216ee5c386.png?tr=q-75
1822500462734093260,HOTEL,"{'reviewerId': '312761532', 'reviewerName': 'Lesty D.', 'reviewerPhotoUrl': None, 'reviewerAppLink': 'traveloka://user_profile/312761532', 'reviewerWebLink': '/user/profile/public/Lesty-p7tnuy', 'reviewerStatus': 'ACTIVE', 'reviewerOrigin': None, 'reviewerBadgeUrl': None, 'reviewerToken': None}",1738071882948,10.0,10.0,Hotel nya bersi bagus pelayanan mengenang kan,Hotel nya bersi bagus pelayanan mengenang kan,ORIGINAL,[],"{'replierName': ""Accommodation's Reply"", 'reviewReplyText': 'Hai Kak Lesty D, Terima kasih telah memilih Hayo Hotel Palembang selama berkunjung di kota Palembang. Senang mendengar Kakak menikmati fasilitas kami. Kami tunggu kedatangannya kembali di Hayo Hotel Palembang, Hotel dekat ptc dan Bandara Palembang. Hormat kami, Management', 'reviewReplyOriginalText': 'Hai Kak Lesty D, Terima kasih telah memilih Hayo Hotel Palembang selama berkunjung di kota Palembang. Senang mendengar Kakak menikmati fasilitas kami. Kami tunggu kedatangannya kembali di Hayo Hotel Palembang, Hotel dekat ptc dan Bandara Palembang. Hormat kami, Management', 'reviewReplySubmissionTime': {'month': '2', 'day': '2', 'year': '2025'}, 'reviewReplyTranslationStatus': 'ORIGINAL'}",,[],"{'reactionCount': '0', 'hasReacted': False}",TRAVELOKA,,https://ik.imagekit.io/tvlk/image/imageResource/2024/05/15/1715766038135-fac45f7f34fa60416004be216ee5c386.png?tr=q-75
1822313649281175214,HOTEL,"{'reviewerId': None, 'reviewerName': 'A***i', 'reviewerPhotoUrl': None, 'reviewerAppLink': None, 'reviewerWebLink': None, 'reviewerStatus': 'ANONYMOUS', 'reviewerOrigin': None, 'reviewerBadgeUrl': None, 'reviewerToken': None}",1737893723756,8.5,10.0,"Thanks banget, karena perjalanan bisnis nya jadi menyenangkan. Dekat dengan kantor yang akan saya tuju. Terima kasih","Thanks banget, karena perjalanan bisnis nya jadi menyenangkan. Dekat dengan kantor yang akan saya tuju. Terima kasih",ORIGINAL,[],"{'replierName': ""Accommodation's Reply"", 'reviewReplyText': 'Hai Kak A***i, Terima kasih telah memilih Hayo Hotel Palembang selama berkunjung di kota Palembang. Senang mendengar Kakak menikmati fasilitas kami. Kami tunggu kedatangannya kembali di Hayo Hotel Palembang, Hotel dekat ptc dan Bandara Palembang. Hormat kami, Management', 'reviewReplyOriginalText': 'Hai Kak A***i, Terima kasih telah memilih Hayo Hotel Palembang selama berkunjung di kota Palembang. Senang mendengar Kakak menikmati fasilitas kami. Kami tunggu kedatangannya kembali di Hayo Hotel Palembang, Hotel dekat ptc dan Bandara Palembang. Hormat kami, Management', 'reviewReplySubmissionTime': {'month': '2', 'day': '2', 'year': '2025'}, 'reviewReplyTranslationStatus': 'ORIGINAL'}","{'topSection': {'additionalInformationLabel': 'Perjalanan Bisnis', 'additionalInformationIcon': 'https://ik.imagekit.io/tvlk/image/imageResource/2024/10/08/1728378081573-fb82360f6ef37bfb8cac8350209a05ec.png?tr=q-75'}, 'bottomSection': None}",[],"{'reactionCount': '0', 'hasReacted': False}",TRAVELOKA,,https://ik.imagekit.io/tvlk/image/imageResource/2024/05/15/1715766038135-fac45f7f34fa60416004be216ee5c386.png?tr=q-75
1821380269092901996,HOTEL,"{'reviewerId': None, 'reviewerName': 'J***h', 'reviewerPhotoUrl': None, 'reviewerAppLink': None, 'reviewerWebLink': None, 'reviewerStatus': 'ANONYMOUS', 'reviewerOrigin': None, 'reviewerBadgeUrl': None, 'reviewerToken': None}",1737003583043,6.6,10.0,Kamar mandi nya sedikit bau. Bantal guling nya sudah ga empuk. Tv nya belom ada netflix,Kamar mandi nya sedikit bau. Bantal guling nya sudah ga empuk. Tv nya belom ada netflix,ORIGINAL,[],"{'replierName': ""Accommodation's Reply"", 'reviewReplyText': 'Hai Kak J***h, Terima kasih telah memilih Hayo Hotel Palembang selama berkunjung di kota Palembang. Senang mendengar Kakak menikmati fasilitas kami, terima kasih juga untuk masukannya terkait dengan kamar kami, hal tersebut sudah kami teruskan ke department terkait. Kami tunggu kedatangannya kembali di Hayo Hotel Palembang, Hotel dekat ptc dan Bandara Palembang. Hormat kami, Management', 'reviewReplyOriginalText': 'Hai Kak J***h, Terima kasih telah memilih Hayo Hotel Palembang selama berkunjung di kota Palembang. Senang mendengar Kakak menikmati fasilitas kami, terima kasih juga untuk masukannya terkait dengan kamar kami, hal tersebut sudah kami teruskan ke department terkait. Kami tunggu kedatangannya kembali di Hayo Hotel Palembang, Hotel dekat ptc dan Bandara Palembang. Hormat kami, Management', 'reviewReplySubmissionTime': {'month': '1', 'day': '23', 'year': '2025'}, 'reviewReplyTranslationStatus': 'ORIGINAL'}",,[],"{'reactionCount': '0', 'hasReacted': False}",TRAVELOKA,,https://ik.imagekit.io/tvlk/image/imageResource/2024/05/15/1715766038135-fac45f7f34fa60416004be216ee5c386.png?tr=q-75
1815989574919272840,HOTEL,"{'reviewerId': '3114416', 'reviewerName': 'istidewina s.', 'reviewerPhotoUrl': None, 'reviewerAppLink': 'traveloka://user_profile/3114416', 'reviewerWebLink': '/user/profile/public/istidewina-zv4gaq', 'reviewerStatus': 'ACTIVE', 'reviewerOrigin': None, 'reviewerBadgeUrl': None, 'reviewerToken': None}",1731862616462,8.8,10.0,"Sudah beberapa kali bolak balik setiap Minggu kesini. Untuk harga kamar only nya bersahabat. AC di kamar dingin, tv menyala dengan baik. Perlengkapan di kamar & kamar mandi juga lengkap. Kemarin dapat kamar 212, linen bed & towel nya putih bersih. Terima kasih ya untuk kakak HK yang make up kamar nya. Sayangnya kamar nya sangat dekat dengan lift & jendela diberi stiker. Jadi kamar nya seperti void kamar. Ga ada yang bisa dilihat keluar. Tapi jendela bisa dibuka kalau mau ganti sirkulasi udara. Kebetulan Minggu ada acara wedding. Yang mana lobi tu kecil, dan rame orang-orang semrawut. Harusnya kalau ada event, ada petugas stand by di dekat tangga atau lift arahkan tamu selesai acara lewat pintu samping resto biar ga bikin lobi riweh. Mau check out, petugas FO nya siang malah di dalam ruangan. Dipanggil dulu baru keluar. Ga stand by padahal rame semrawut.","Sudah beberapa kali bolak balik setiap Minggu kesini. Untuk harga kamar only nya bersahabat. AC di kamar dingin, tv menyala dengan baik. Perlengkapan di kamar & kamar mandi juga lengkap. Kemarin dapat kamar 212, linen bed & towel nya putih bersih. Terima kasih ya untuk kakak HK yang make up kamar nya. Sayangnya kamar nya sangat dekat dengan lift & jendela diberi stiker. Jadi kamar nya seperti void kamar. Ga ada yang bisa dilihat keluar. Tapi jendela bisa dibuka kalau mau ganti sirkulasi udara. Kebetulan Minggu ada acara wedding. Yang mana lobi tu kecil, dan rame orang-orang semrawut. Harusnya kalau ada event, ada petugas stand by di dekat tangga atau lift arahkan tamu selesai acara lewat pintu samping resto biar ga bikin lobi riweh. Mau check out, petugas FO nya siang malah di dalam ruangan. Dipanggil dulu baru keluar. Ga stand by padahal rame semrawut.",ORIGINAL,[],"{'replierName': ""Accommodation's Reply"", 'reviewReplyText': 'Hai Kak Istidewina s, Terima kasih telah memilih Hayo Hotel Palembang selama berkunjung di kota Palembang. Senang mendengar Kakak menikmati fasilitas kami. Kami tunggu kedatangannya kembali di Hayo Hotel Palembang, Hotel dekat ptc dan Bandara Palembang. Hormat kami, Management', 'reviewReplyOriginalText': 'Hai Kak Istidewina s, Terima kasih telah memilih Hayo Hotel Palembang selama berkunjung di kota Palembang. Senang mendengar Kakak menikmati fasilitas kami. Kami tunggu kedatangannya kembali di Hayo Hotel Palembang, Hotel dekat ptc dan Bandara Palembang. Hormat kami, Management', 'reviewReplySubmissionTime': {'month': '11', 'day': '23', 'year': '2024'}, 'reviewReplyTranslationStatus': 'ORIGINAL'}",,[],"{'reactionCount': '4', 'hasReacted': False}",TRAVELOKA,,https://ik.imagekit.io/tvlk/image/imageResource/2024/05/15/1715766038135-fac45f7f34fa60416004be216ee5c386.png?tr=q-75
1815501435790427463,HOTEL,"{'reviewerId': None, 'reviewerName': 'S***a', 'reviewerPhotoUrl': None, 'reviewerAppLink': None, 'reviewerWebLink': None, 'reviewerStatus': 'ANONYMOUS', 'reviewerOrigin': None, 'reviewerBadgeUrl': None, 'reviewerToken': None}",1731397090712,8.8,10.0,Oke juga hotel nya dengan budget minim. Sip,Oke juga hotel nya dengan budget minim. Sip,ORIGINAL,[],"{'replierName': ""Accommodation's Reply"", 'reviewReplyText': 'Hai Kak S***a, Terima kasih telah memilih Hayo Hotel Palembang selama berkunjung di kota Palembang. Senang mendengar Kakak menikmati fasilitas kami. Kami tunggu kedatangannya kembali di Hayo Hotel Palembang, Hotel dekat ptc dan Bandara Palembang. Hormat kami, Management', 'reviewReplyOriginalText': 'Hai Kak S***a, Terima kasih telah memilih Hayo Hotel Palembang selama berkunjung di kota Palembang. Senang mendengar Kakak menikmati fasilitas kami. Kami tunggu kedatangannya kembali di Hayo Hotel Palembang, Hotel dekat ptc dan Bandara Palembang. Hormat kami, Management', 'reviewReplySubmissionTime': {'month': '11', 'day': '15', 'year': '2024'}, 'reviewReplyTranslationStatus': 'ORIGINAL'}",,[],"{'reactionCount': '1', 'hasReacted': False}",TRAVELOKA,,https://ik.imagekit.io/tvlk/image/imageResource/2024/05/15/1715766038135-fac45f7f34fa60416004be216ee5c386.png?tr=q-75
1815378545152627710,HOTEL,"{'reviewerId': '3114416', 'reviewerName': 'istidewina s.', 'reviewerPhotoUrl': None, 'reviewerAppLink': 'traveloka://user_profile/3114416', 'reviewerWebLink': '/user/profile/public/istidewina-zv4gaq', 'reviewerStatus': 'ACTIVE', 'reviewerOrigin': None, 'reviewerBadgeUrl': None, 'reviewerToken': None}",1731279893067,8.2,10.0,"entah mengapa malam minggu & minggu pagi petugas reception dan di restoran ga ada yg kelihatan stand by. mungkin karena ga ada HOD nya. mau minta tolong antarkan barang dr gojek ke kamar pas ditelpon susah dihubungi. terpaksa  turun tp ga ada staff. kita mau ambil barang yg dititip di atas meja reception, pas dipanggil2 jg ga ada yg nyaut. ada petugas diluar tapi berdiri diri aja. kelihatan dak peduli. terus anak suka main area Playground cuman area ny kemarin agak kotor. kita minta late check out sama reception nya jam 1 ga bisa. bisa nya setengah 1. dah konfirmasi request late co sebelum nya, setengah 12 masih juga ditelpon2 ke kamar. duuh","entah mengapa malam minggu & minggu pagi petugas reception dan di restoran ga ada yg kelihatan stand by. mungkin karena ga ada HOD nya. mau minta tolong antarkan barang dr gojek ke kamar pas ditelpon susah dihubungi. terpaksa  turun tp ga ada staff. kita mau ambil barang yg dititip di atas meja reception, pas dipanggil2 jg ga ada yg nyaut. ada petugas diluar tapi berdiri diri aja. kelihatan dak peduli. terus anak suka main area Playground cuman area ny kemarin agak kotor. kita minta late check out sama reception nya jam 1 ga bisa. bisa nya setengah 1. dah konfirmasi request late co sebelum nya, setengah 12 masih juga ditelpon2 ke kamar. duuh",ORIGINAL,[],"{'replierName': ""Accommodation's Reply"", 'reviewReplyText': 'Hai Kak Istidewina s, Terima kasih telah memilih Hayo Hotel Palembang selama berkunjung di kota Palembang. Senang mendengar Kakak menikmati fasilitas kami, fyi aja Kak, untuk pengantaran dari Gojek maupun OJOL lainnya, memang ketentuan dari kami tamu wajib mengambilnya di Reception. Kami tunggu kedatangannya kembali di Hayo Hotel Palembang, Hotel dekat ptc dan Bandara Palembang. Hormat kami, Management', 'reviewReplyOriginalText': 'Hai Kak Istidewina s, Terima kasih telah memilih Hayo Hotel Palembang selama berkunjung di kota Palembang. Senang mendengar Kakak menikmati fasilitas kami, fyi aja Kak, untuk pengantaran dari Gojek maupun OJOL lainnya, memang ketentuan dari kami tamu wajib mengambilnya di Reception. Kami tunggu kedatangannya kembali di Hayo Hotel Palembang, Hotel dekat ptc dan Bandara Palembang. Hormat kami, Management', 'reviewReplySubmissionTime': {'month': '11', 'day': '23', 'year': '2024'}, 'reviewReplyTranslationStatus': 'ORIGINAL'}","{'topSection': {'additionalInformationLabel': 'Transit', 'additionalInformationIcon': 'https://ik.imagekit.io/tvlk/image/imageResource/2024/10/08/1728378081573-fb82360f6ef37bfb8cac8350209a05ec.png?tr=q-75'}, 'bottomSection': None}",[],"{'reactionCount': '1', 'hasReacted': False}",TRAVELOKA,,https://ik.imagekit.io/tvlk/image/imageResource/2024/05/15/1715766038135-fac45f7f34fa60416004be216ee5c386.png?tr=q-75
1814367064210558375,HOTEL,"{'reviewerId': None, 'reviewerName': 'O***a', 'reviewerPhotoUrl': None, 'reviewerAppLink': None, 'reviewerWebLink': None, 'reviewerStatus': 'ANONYMOUS', 'reviewerOrigin': None, 'reviewerBadgeUrl': None, 'reviewerToken': None}",1730315269671,10.0,10.0,Staff hotel sangat sangat ramah dan pelayanannya the best suasana kamarnya nyaman sekali.,Staff hotel sangat sangat ramah dan pelayanannya the best suasana kamarnya nyaman sekali.,ORIGINAL,[],"{'replierName': ""Accommodation's Reply"", 'reviewReplyText': 'Hai Kak O***a, Terima kasih telah memilih Hayo Hotel Palembang selama berkunjung di kota Palembang. Senang mendengar Kakak menikmati fasilitas kami. Kami tunggu kedatangannya kembali di Hayo Hotel Palembang, Hotel dekat ptc dan Bandara Palembang. Hormat kami, Management.', 'reviewReplyOriginalText': 'Hai Kak O***a, Terima kasih telah memilih Hayo Hotel Palembang selama berkunjung di kota Palembang. Senang mendengar Kakak menikmati fasilitas kami. Kami tunggu kedatangannya kembali di Hayo Hotel Palembang, Hotel dekat ptc dan Bandara Palembang. Hormat kami, Management.', 'reviewReplySubmissionTime': {'month': '11', 'day': '7', 'year': '2024'}, 'reviewReplyTranslationStatus': 'ORIGINAL'}","{'topSection': {'additionalInformationLabel': 'Staycation', 'additionalInformationIcon': 'https://ik.imagekit.io/tvlk/image/imageResource/2024/10/08/1728378081573-fb82360f6ef37bfb8cac8350209a05ec.png?tr=q-75'}, 'bottomSection': None}",[],"{'reactionCount': '1', 'hasReacted': False}",TRAVELOKA,,https://ik.imagekit.io/tvlk/image/imageResource/2024/05/15/1715766038135-fac45f7f34fa60416004be216ee5c386.png?tr=q-75
1813395302745383435,HOTEL,"{'reviewerId': '3114416', 'reviewerName': 'istidewina s.', 'reviewerPhotoUrl': None, 'reviewerAppLink': 'traveloka://user_profile/3114416', 'reviewerWebLink': '/user/profile/public/istidewina-zv4gaq', 'reviewerStatus': 'ACTIVE', 'reviewerOrigin': None, 'reviewerBadgeUrl': None, 'reviewerToken': None}",1729388525720,8.5,10.0,"Linen bed di kamar bersih, kamar mandi bersih, Housekeeping kamar nya bagus. AC dingin & air hangat di kamar mandi menyala dengan baik. Ada fasilitas playground kalau bawa toddler. Sarapan standar & cukup. Kekurangan kamarnya ada jendela tapi ga ada view keluar. Jendela kamar menghadap dalam hotel. Sekeliling nya perumahan warga & ditutup dengan blok seng.","Linen bed di kamar bersih, kamar mandi bersih, Housekeeping kamar nya bagus. AC dingin & air hangat di kamar mandi menyala dengan baik. Ada fasilitas playground kalau bawa toddler. Sarapan standar & cukup. Kekurangan kamarnya ada jendela tapi ga ada view keluar. Jendela kamar menghadap dalam hotel. Sekeliling nya perumahan warga & ditutup dengan blok seng.",ORIGINAL,"[{'reviewMediaId': '3114416_REVIEW_1729388301329_c4d0631f63932c0c', 'reviewMediaUrl': 'https://ik.imagekit.io/tvlk/ugc-review/guys1L+Yyer9kzI3sp-pb0CG1j2bhflZGFUZOoIf1YOBAm37kEUOKR41ieUZm7ZJ/ugc-photo-ap-southeast-1-581603780057-acd24e232f75f09e/REVIEW/3114416_REVIEW_1729388301329_c4d0631f63932c0c?tr=q-40,c-at_max,w-720,h-1280&_src=imagekit', 'reviewMediaCategory': 'OTHER', 'reviewMediaType': 'PHOTO', 'reviewMediaCaption': '', 'reviewMediaThumbnailUrl': 'https://ik.imagekit.io/tvlk/ugc-review/guys1L+Yyer9kzI3sp-pb0CG1j2bhflZGFUZOoIf1YOBAm37kEUOKR41ieUZm7ZJ/ugc-photo-ap-southeast-1-581603780057-acd24e232f75f09e/REVIEW/3114416_REVIEW_1729388301329_c4d0631f63932c0c?tr=q-40,c-at_max,w-720,h-1280&_src=imagekit', 'reactionSummary': None, 'submissionTime': {'month': '10', 'day': '20', 'year': '2024'}}]","{'replierName': ""Accommodation's Reply"", 'reviewReplyText': 'Hai Kak Istidewina S, Terima kasih telah memilih Hayo Hotel Palembang selama berkunjung di kota Palembang. Senang mendengar Kakak menikmati fasilitas kami. Kami tunggu kedatangannya kembali di Hayo Hotel Palembang, Hotel dekat ptc dan Bandara Palembang. Hormat kami, Management', 'reviewReplyOriginalText': 'Hai Kak Istidewina S, Terima kasih telah memilih Hayo Hotel Palembang selama berkunjung di kota Palembang. Senang mendengar Kakak menikmati fasilitas kami. Kami tunggu kedatangannya kembali di Hayo Hotel Palembang, Hotel dekat ptc dan Bandara Palembang. Hormat kami, Management', 'reviewReplySubmissionTime': {'month': '11', 'day': '15', 'year': '2024'}, 'reviewReplyTranslationStatus': 'ORIGINAL'}","{'topSection': {'additionalInformationLabel': 'Transit', 'additionalInformationIcon': 'https://ik.imagekit.io/tvlk/image/imageResource/2024/10/08/1728378081573-fb82360f6ef37bfb8cac8350209a05ec.png?tr=q-75'}, 'bottomSection': None}",[],"{'reactionCount': '2', 'hasReacted': False}",TRAVELOKA,,https://ik.imagekit.io/tvlk/image/imageResource/2024/05/15/1715766038135-fac45f7f34fa60416004be216ee5c386.png?tr=q-75
1813314627069551115,HOTEL,"{'reviewerId': None, 'reviewerName': 's***a', 'reviewerPhotoUrl': None, 'reviewerAppLink': None, 'reviewerWebLink': None, 'reviewerStatus': 'ANONYMOUS', 'reviewerOrigin': None, 'reviewerBadgeUrl': None, 'reviewerToken': None}",1729311587400,10.0,10.0,Bagus hotel favorit nyaman dan juga aman.,Bagus hotel favorit nyaman dan juga aman.,ORIGINAL,[],"{'replierName': ""Accommodation's Reply"", 'reviewReplyText': 'Hai Kak S***a, Terima kasih telah memilih Hayo Hotel Palembang selama berkunjung di kota Palembang. Senang mendengar Kakak menikmati fasilitas kami. Kami tunggu kedatangannya kembali di Hayo Hotel Palembang, Hotel dekat ptc dan Bandara Palembang. Hormat kami, Management.', 'reviewReplyOriginalText': 'Hai Kak S***a, Terima kasih telah memilih Hayo Hotel Palembang selama berkunjung di kota Palembang. Senang mendengar Kakak menikmati fasilitas kami. Kami tunggu kedatangannya kembali di Hayo Hotel Palembang, Hotel dekat ptc dan Bandara Palembang. Hormat kami, Management.', 'reviewReplySubmissionTime': {'month': '10', 'day': '23', 'year': '2024'}, 'reviewReplyTranslationStatus': 'ORIGINAL'}",,[],"{'reactionCount': '1', 'hasReacted': False}",TRAVELOKA,,https://ik.imagekit.io/tvlk/image/imageResource/2024/05/15/1715766038135-fac45f7f34fa60416004be216ee5c386.png?tr=q-75
1812505338220394927,HOTEL,"{'reviewerId': '243652599', 'reviewerName': 'M Yahya F.', 'reviewerPhotoUrl': None, 'reviewerAppLink': 'traveloka://user_profile/243652599', 'reviewerWebLink': '/user/profile/public/M-ffguzq', 'reviewerStatus': 'ACTIVE', 'reviewerOrigin': None, 'reviewerBadgeUrl': None, 'reviewerToken': None}",1728539789406,10.0,10.0,2 X menginap di hayo hotel dan recommended. Akses ke hotel mudah dan kondisi kamar yang nyaman serta staff yang ramah jadi tempat yang menyenangkan untuk singgah.,2 X menginap di hayo hotel dan recommended. Akses ke hotel mudah dan kondisi kamar yang nyaman serta staff yang ramah jadi tempat yang menyenangkan untuk singgah.,ORIGINAL,[],"{'replierName': ""Accommodation's Reply"", 'reviewReplyText': 'Hai Kak M Yahya F, Terima kasih telah memilih Hayo Hotel Palembang selama berkunjung di kota Palembang. Senang mendengar Kakak kembali memilih kami sebagai pilihan utama selama berkunjung di Palembang. Kami tunggu kedatangannya kembali di Hayo Hotel Palembang, Hotel dekat ptc dan Bandara Palembang. Hormat kami, Management.', 'reviewReplyOriginalText': 'Hai Kak M Yahya F, Terima kasih telah memilih Hayo Hotel Palembang selama berkunjung di kota Palembang. Senang mendengar Kakak kembali memilih kami sebagai pilihan utama selama berkunjung di Palembang. Kami tunggu kedatangannya kembali di Hayo Hotel Palembang, Hotel dekat ptc dan Bandara Palembang. Hormat kami, Management.', 'reviewReplySubmissionTime': {'month': '10', 'day': '17', 'year': '2024'}, 'reviewReplyTranslationStatus': 'ORIGINAL'}","{'topSection': {'additionalInformationLabel': 'Perjalanan Bisnis', 'additionalInformationIcon': 'https://ik.imagekit.io/tvlk/image/imageResource/2024/10/08/1728378081573-fb82360f6ef37bfb8cac8350209a05ec.png?tr=q-75'}, 'bottomSection': None}",[],"{'reactionCount': '1', 'hasReacted': False}",TRAVELOKA,,https://ik.imagekit.io/tvlk/image/imageResource/2024/05/15/1715766038135-fac45f7f34fa60416004be216ee5c386.png?tr=q-75
1811326011715884248,HOTEL,"{'reviewerId': '243652599', 'reviewerName': 'M Yahya F.', 'reviewerPhotoUrl': None, 'reviewerAppLink': 'traveloka://user_profile/243652599', 'reviewerWebLink': '/user/profile/public/M-ffguzq', 'reviewerStatus': 'ACTIVE', 'reviewerOrigin': None, 'reviewerBadgeUrl': None, 'reviewerToken': None}",1727415096006,9.1,10.0,"Pelayanan baik. Kamar hotel bersih dan nyaman, overall memuaskan.","Pelayanan baik. Kamar hotel bersih dan nyaman, overall memuaskan.",ORIGINAL,[],"{'replierName': ""Accommodation's Reply"", 'reviewReplyText': 'Hai Kak M Yahya F, Terima kasih telah memilih Hayo Hotel Palembang selama berkunjung di kota Palembang. Senang mendengar Kakak menikmati fasilitas kami. Kami tunggu kedatangannya kembali di Hayo Hotel Palembang, Hotel dekat ptc dan Bandara Palembang. Hormat kami, Management.', 'reviewReplyOriginalText': 'Hai Kak M Yahya F, Terima kasih telah memilih Hayo Hotel Palembang selama berkunjung di kota Palembang. Senang mendengar Kakak menikmati fasilitas kami. Kami tunggu kedatangannya kembali di Hayo Hotel Palembang, Hotel dekat ptc dan Bandara Palembang. Hormat kami, Management.', 'reviewReplySubmissionTime': {'month': '9', 'day': '30', 'year': '2024'}, 'reviewReplyTranslationStatus': 'ORIGINAL'}",,[],"{'reactionCount': '1', 'hasReacted': False}",TRAVELOKA,,https://ik.imagekit.io/tvlk/image/imageResource/2024/05/15/1715766038135-fac45f7f34fa60416004be216ee5c386.png?tr=q-75
1809900742655349976,HOTEL,"{'reviewerId': None, 'reviewerName': 'A***n', 'reviewerPhotoUrl': None, 'reviewerAppLink': None, 'reviewerWebLink': None, 'reviewerStatus': 'ANONYMOUS', 'reviewerOrigin': None, 'reviewerBadgeUrl': None, 'reviewerToken': None}",1726055853511,9.6,10.0,"Staf hotel sangat ramah membantu, kamar bersih dan nyaman.","Staf hotel sangat ramah membantu, kamar bersih dan nyaman.",ORIGINAL,"[{'reviewMediaId': '5133376_REVIEW_1726055699247_b30043f2c373eaaf', 'reviewMediaUrl': 'https://ik.imagekit.io/tvlk/ugc-review/guys1L+Yyer9kzI3sp-pb0CG1j2bhflZGFUZOoIf1YOBAm37kEUOKR41ieUZm7ZJ/ugc-photo-ap-southeast-1-581603780057-acd24e232f75f09e/REVIEW/5133376_REVIEW_1726055699247_b30043f2c373eaaf?tr=q-40,c-at_max,w-720,h-1280&_src=imagekit', 'reviewMediaCategory': 'OTHER', 'reviewMediaType': 'PHOTO', 'reviewMediaCaption': '', 'reviewMediaThumbnailUrl': 'https://ik.imagekit.io/tvlk/ugc-review/guys1L+Yyer9kzI3sp-pb0CG1j2bhflZGFUZOoIf1YOBAm37kEUOKR41ieUZm7ZJ/ugc-photo-ap-southeast-1-581603780057-acd24e232f75f09e/REVIEW/5133376_REVIEW_1726055699247_b30043f2c373eaaf?tr=q-40,c-at_max,w-720,h-1280&_src=imagekit', 'reactionSummary': None, 'submissionTime': {'month': '9', 'day': '11', 'year': '2024'}}, {'reviewMediaId': '5133376_REVIEW_1726055699247_4b1e7640bf7badac', 'reviewMediaUrl': 'https://ik.imagekit.io/tvlk/ugc-review/guys1L+Yyer9kzI3sp-pb0CG1j2bhflZGFUZOoIf1YOBAm37kEUOKR41ieUZm7ZJ/ugc-photo-ap-southeast-1-581603780057-acd24e232f75f09e/REVIEW/5133376_REVIEW_1726055699247_4b1e7640bf7badac?tr=q-40,c-at_max,w-720,h-1280&_src=imagekit', 'reviewMediaCategory': 'OTHER', 'reviewMediaType': 'PHOTO', 'reviewMediaCaption': '', 'reviewMediaThumbnailUrl': 'https://ik.imagekit.io/tvlk/ugc-review/guys1L+Yyer9kzI3sp-pb0CG1j2bhflZGFUZOoIf1YOBAm37kEUOKR41ieUZm7ZJ/ugc-photo-ap-southeast-1-581603780057-acd24e232f75f09e/REVIEW/5133376_REVIEW_1726055699247_4b1e7640bf7badac?tr=q-40,c-at_max,w-720,h-1280&_src=imagekit', 'reactionSummary': None, 'submissionTime': {'month': '9', 'day': '11', 'year': '2024'}}]","{'replierName': ""Accommodation's Reply"", 'reviewReplyText': 'Hai Kak A***n, Terima kasih telah memilih Hayo Hotel Palembang selama berkunjung di kota Palembang. Senang mendengar Kakak menikmati fasilitas kami. Kami tunggu kedatangannya kembali di Hayo Hotel Palembang, Hotel dekat ptc dan Bandara Palembang. Hormat kami, Management.', 'reviewReplyOriginalText': 'Hai Kak A***n, Terima kasih telah memilih Hayo Hotel Palembang selama berkunjung di kota Palembang. Senang mendengar Kakak menikmati fasilitas kami. Kami tunggu kedatangannya kembali di Hayo Hotel Palembang, Hotel dekat ptc dan Bandara Palembang. Hormat kami, Management.', 'reviewReplySubmissionTime': {'month': '9', 'day': '14', 'year': '2024'}, 'reviewReplyTranslationStatus': 'ORIGINAL'}","{'topSection': {'additionalInformationLabel': 'Perjalanan Bisnis', 'additionalInformationIcon': 'https://ik.imagekit.io/tvlk/image/imageResource/2024/10/08/1728378081573-fb82360f6ef37bfb8cac8350209a05ec.png?tr=q-75'}, 'bottomSection': None}",[],"{'reactionCount': '0', 'hasReacted': False}",TRAVELOKA,,https://ik.imagekit.io/tvlk/image/imageResource/2024/05/15/1715766038135-fac45f7f34fa60416004be216ee5c386.png?tr=q-75
1809520198263261261,HOTEL,"{'reviewerId': '80987933', 'reviewerName': 'Hearly A.', 'reviewerPhotoUrl': None, 'reviewerAppLink': 'traveloka://user_profile/80987933', 'reviewerWebLink': '/user/profile/public/Hearly-gvik37', 'reviewerStatus': 'ACTIVE', 'reviewerOrigin': None, 'reviewerBadgeUrl': None, 'reviewerToken': None}",1725692938097,10.0,10.0,Baru kali ini nginap di hotel mobil kotor di cuci sama pihak hotel. Kamar bersih. Makanan enak. Pelayanan memuaskan. The best lah.,Baru kali ini nginap di hotel mobil kotor di cuci sama pihak hotel. Kamar bersih. Makanan enak. Pelayanan memuaskan. The best lah.,ORIGINAL,[],"{'replierName': ""Accommodation's Reply"", 'reviewReplyText': 'Hai Kak Hearly A, Terima kasih telah memilih Hayo Hotel Palembang selama berkunjung di kota Palembang. Senang mendengar Kakak menikmati fasilitas kami. Kami tunggu kedatangannya kembali di Hayo Hotel Palembang, Hotel dekat ptc dan Bandara Palembang. Hormat kami, Management.', 'reviewReplyOriginalText': 'Hai Kak Hearly A, Terima kasih telah memilih Hayo Hotel Palembang selama berkunjung di kota Palembang. Senang mendengar Kakak menikmati fasilitas kami. Kami tunggu kedatangannya kembali di Hayo Hotel Palembang, Hotel dekat ptc dan Bandara Palembang. Hormat kami, Management.', 'reviewReplySubmissionTime': {'month': '9', 'day': '10', 'year': '2024'}, 'reviewReplyTranslationStatus': 'ORIGINAL'}",,[],"{'reactionCount': '3', 'hasReacted': False}",TRAVELOKA,,https://ik.imagekit.io/tvlk/image/imageResource/2024/05/15/1715766038135-fac45f7f34fa60416004be216ee5c386.png?tr=q-75
1808973018431494879,HOTEL,"{'reviewerId': '10986472', 'reviewerName': 'febrianti', 'reviewerPhotoUrl': None, 'reviewerAppLink': 'traveloka://user_profile/10986472', 'reviewerWebLink': '/user/profile/public/febrianti-o1cdlp', 'reviewerStatus': 'ACTIVE', 'reviewerOrigin': None, 'reviewerBadgeUrl': None, 'reviewerToken': None}",1725171106746,10.0,10.0,"Hotelnya bersih, rapi dan wangi, pokoknya puas banget menginap di sini, makanannya enak, dan yang buat berbeda dari hotel yang lain itu saat menginap di sana mobil kita di cuci bagian luarnya jadi pas chekout mobil kita kinclong, thebestlah pokoknya, harga murah tapi kwalitasnya juara. Dijamin bakal ketagihan untuk menginap di sini bareng pasangan sah mu ü•∞","Hotelnya bersih, rapi dan wangi, pokoknya puas banget menginap di sini, makanannya enak, dan yang buat berbeda dari hotel yang lain itu saat menginap di sana mobil kita di cuci bagian luarnya jadi pas chekout mobil kita kinclong, thebestlah pokoknya, harga murah tapi kwalitasnya juara. Dijamin bakal ketagihan untuk menginap di sini bareng pasangan sah mu ü•∞",ORIGINAL,[],"{'replierName': ""Accommodation's Reply"", 'reviewReplyText': 'Hai Kak Febrianti, Terima kasih telah memilih Hayo Hotel Palembang selama berkunjung di kota Palembang. Senang mendengar Kakak menikmati fasilitas kami. Kami tunggu kedatangannya kembali di Hayo Hotel Palembang, Hotel dekat ptc dan Bandara Palembang. Hormat kami, Management', 'reviewReplyOriginalText': 'Hai Kak Febrianti, Terima kasih telah memilih Hayo Hotel Palembang selama berkunjung di kota Palembang. Senang mendengar Kakak menikmati fasilitas kami. Kami tunggu kedatangannya kembali di Hayo Hotel Palembang, Hotel dekat ptc dan Bandara Palembang. Hormat kami, Management', 'reviewReplySubmissionTime': {'month': '9', 'day': '6', 'year': '2024'}, 'reviewReplyTranslationStatus': 'ORIGINAL'}","{'topSection': {'additionalInformationLabel': 'Staycation', 'additionalInformationIcon': 'https://ik.imagekit.io/tvlk/image/imageResource/2024/10/08/1728378081573-fb82360f6ef37bfb8cac8350209a05ec.png?tr=q-75'}, 'bottomSection': None}",[],"{'reactionCount': '1', 'hasReacted': False}",TRAVELOKA,,https://ik.imagekit.io/tvlk/image/imageResource/2024/05/15/1715766038135-fac45f7f34fa60416004be216ee5c386.png?tr=q-75
1808355490184307188,HOTEL,"{'reviewerId': '310210693', 'reviewerName': 'Herlin C. T.', 'reviewerPhotoUrl': None, 'reviewerAppLink': 'traveloka://user_profile/310210693', 'reviewerWebLink': '/user/profile/public/Herlin-vmyksu', 'reviewerStatus': 'ACTIVE', 'reviewerOrigin': None, 'reviewerBadgeUrl': None, 'reviewerToken': None}",1724582185918,8.5,10.0,"semuanya oke, saya agak kecewa, pas mau pinjam alat makan, saya kena biayaüôè","semua oke cm agak kecewa, pas mau pinjam alat makan, di kenakan biayaüôè",GOOGLE_TRANSLATE,[],"{'replierName': ""Accommodation's Reply"", 'reviewReplyText': 'Hai Kak Herlin C.T, Terima kasih telah memilih Hayo Hotel Palembang selama berkunjung di kota Palembang. Senang mendengar Kakak menikmati fasilitas kami. Kami tunggu kedatangannya kembali di Hayo Hotel Palembang, Hotel dekat ptc dan Bandara Palembang. Hormat kami, Management.', 'reviewReplyOriginalText': 'Hai Kak Herlin C.T, Terima kasih telah memilih Hayo Hotel Palembang selama berkunjung di kota Palembang. Senang mendengar Kakak menikmati fasilitas kami. Kami tunggu kedatangannya kembali di Hayo Hotel Palembang, Hotel dekat ptc dan Bandara Palembang. Hormat kami, Management.', 'reviewReplySubmissionTime': {'month': '8', 'day': '31', 'year': '2024'}, 'reviewReplyTranslationStatus': 'ORIGINAL'}",,[],"{'reactionCount': '0', 'hasReacted': False}",TRAVELOKA,,https://ik.imagekit.io/tvlk/image/imageResource/2024/05/15/1715766038135-fac45f7f34fa60416004be216ee5c386.png?tr=q-75
1807438648712375278,HOTEL,"{'reviewerId': None, 'reviewerName': 'a***s', 'reviewerPhotoUrl': None, 'reviewerAppLink': None, 'reviewerWebLink': None, 'reviewerStatus': 'ANONYMOUS', 'reviewerOrigin': None, 'reviewerBadgeUrl': None, 'reviewerToken': None}",1723707817752,9.7,10.0,"Kecepatan internet luar biasa, kamar bersih, staf membantu.","Internet speed awesome, clean kamar helpful staff.",GOOGLE_TRANSLATE,[],"{'replierName': ""Accommodation's Reply"", 'reviewReplyText': 'Hai Kak a***s, Terima kasih telah memilih Hayo Hotel Palembang selama berkunjung di kota Palembang. Senang mendengar Kakak menikmati fasilitas kami. Kami tunggu kedatangannya kembali di Hayo Hotel Palembang, Hotel dekat ptc dan Bandara Palembang. Hormat kami, Management.', 'reviewReplyOriginalText': 'Hai Kak a***s, Terima kasih telah memilih Hayo Hotel Palembang selama berkunjung di kota Palembang. Senang mendengar Kakak menikmati fasilitas kami. Kami tunggu kedatangannya kembali di Hayo Hotel Palembang, Hotel dekat ptc dan Bandara Palembang. Hormat kami, Management.', 'reviewReplySubmissionTime': {'month': '8', 'day': '19', 'year': '2024'}, 'reviewReplyTranslationStatus': 'ORIGINAL'}",,[],"{'reactionCount': '1', 'hasReacted': False}",TRAVELOKA,,https://ik.imagekit.io/tvlk/image/imageResource/2024/05/15/1715766038135-fac45f7f34fa60416004be216ee5c386.png?tr=q-75
1807258333158063161,HOTEL,"{'reviewerId': None, 'reviewerName': 'M***i', 'reviewerPhotoUrl': None, 'reviewerAppLink': None, 'reviewerWebLink': None, 'reviewerStatus': 'ANONYMOUS', 'reviewerOrigin': None, 'reviewerBadgeUrl': None, 'reviewerToken': None}",1723535855438,8.3,10.0,"Hotel yang lumayan nyaman untuk stay cation, hanya saja ada beberapa Hal, yang menurut saya kurang baik, 1. Lantai kamar yang lengket. 2. Masih banyak nya debu di Hpl ornamen samping TV, & Head bord. 3. Shet & Duvet cover yang kotor, dan Robek masih tetap dipaksa untuk di pasang di kamar. 4. Kurang ramah nya staff HK yang menghandel complain kita, tapi terima kasih telah mengganti duvet yang di kamar, hanya saja duvet yang di ganti sama aja robek semua. Dan saya ada early cek in di jam 10 pagi. Dan di kenakan biaya tambahan, itu saya tidak ada masalah, hanya saja saya tidak di beri bill untuk pembayaran biaya tambahan, hanya uang cash saya saja yang di ambil oleh staff FO, tanpa memberikan bill pembayaran ke saya, hanya di beri cash receipt uang Deposit, Dan saya coba order di resto Es kopi gula aren, kopi nya enak, hanya saja balik lagi, saya melakukan pembayaran ke staff FB di minta uang cash dan tanpa bill pembayaran lagi. Hanya uang nya saja yang di ambil. Mungkin ini memang sudah SOP nya. Terima kasih.","Hotel yang lumayan nyaman untuk stay cation, hanya saja ada beberapa Hal, yang menurut saya kurang baik, 1. Lantai kamar yang lengket. 2. Masih banyak nya debu di Hpl ornamen samping TV, & Head bord. 3. Shet & Duvet cover yang kotor, dan Robek masih tetap dipaksa untuk di pasang di kamar. 4. Kurang ramah nya staff HK yang menghandel complain kita, tapi terima kasih telah mengganti duvet yang di kamar, hanya saja duvet yang di ganti sama aja robek semua. Dan saya ada early cek in di jam 10 pagi. Dan di kenakan biaya tambahan, itu saya tidak ada masalah, hanya saja saya tidak di beri bill untuk pembayaran biaya tambahan, hanya uang cash saya saja yang di ambil oleh staff FO, tanpa memberikan bill pembayaran ke saya, hanya di beri cash receipt uang Deposit, Dan saya coba order di resto Es kopi gula aren, kopi nya enak, hanya saja balik lagi, saya melakukan pembayaran ke staff FB di minta uang cash dan tanpa bill pembayaran lagi. Hanya uang nya saja yang di ambil. Mungkin ini memang sudah SOP nya. Terima kasih.",ORIGINAL,[],"{'replierName': ""Accommodation's Reply"", 'reviewReplyText': 'Hai Kak Meidi, Terima kasih telah memilih Hayo Hotel Palembang selama berkunjung di kota Palembang. Senang mendengar Kakak menikmati fasilitas kami. Kami tunggu kedatangannya kembali di Hayo Hotel Palembang, Hotel dekat ptc dan Bandara Palembang. Hormat kami, Management.', 'reviewReplyOriginalText': 'Hai Kak Meidi, Terima kasih telah memilih Hayo Hotel Palembang selama berkunjung di kota Palembang. Senang mendengar Kakak menikmati fasilitas kami. Kami tunggu kedatangannya kembali di Hayo Hotel Palembang, Hotel dekat ptc dan Bandara Palembang. Hormat kami, Management.', 'reviewReplySubmissionTime': {'month': '8', 'day': '19', 'year': '2024'}, 'reviewReplyTranslationStatus': 'ORIGINAL'}","{'topSection': {'additionalInformationLabel': 'Staycation', 'additionalInformationIcon': 'https://ik.imagekit.io/tvlk/image/imageResource/2024/10/08/1728378081573-fb82360f6ef37bfb8cac8350209a05ec.png?tr=q-75'}, 'bottomSection': None}",[],"{'reactionCount': '4', 'hasReacted': False}",TRAVELOKA,,https://ik.imagekit.io/tvlk/image/imageResource/2024/05/15/1715766038135-fac45f7f34fa60416004be216ee5c386.png?tr=q-75
1806979420934650937,HOTEL,"{'reviewerId': '21515195', 'reviewerName': 'putri i. s.', 'reviewerPhotoUrl': None, 'reviewerAppLink': 'traveloka://user_profile/21515195', 'reviewerWebLink': '/user/profile/public/putri-nrmb1u', 'reviewerStatus': 'ACTIVE', 'reviewerOrigin': None, 'reviewerBadgeUrl': None, 'reviewerToken': None}",1723269863992,9.7,10.0,"Dapat kamar di lantai 2 okelah, tapi pas lihat handuknya yang 1 lubangnya jelek banget üò≠ asli salahnya bikin ketawa bukan karena kesal tapi karena sudah tercakup dalam fasilitas dan kenyamanan selama di hotel ini, mereka mempunyai restoran dan makanannya sangat enak dan murah üò≠, tinggal pesan dan tidak perlu menunggu lama makanan diantar ke kamar ü´∂üèª sarapannya juga enak banget, lengkap dan enak ü´∂üèª","dapet kamar dilantai 2, oke bangett tapi pas lihat handuk nya, 1 nya bolong parah banget üò≠ asli, kecolongan kali yaa, jadinya malah ketawa kocak bukan kesel tapi ketutupan sih ama fasilitas dan kenyamanan selama dihotel ini mereka punya resto dan makanan nya enak2 bangett dan murah üò≠, tinggal order dan ga perlu nunggu lama makanan dianter ke kamar ü´∂üèª sarapannya juga oke banget, lengkap dan enak ü´∂üèª",GOOGLE_TRANSLATE,[],"{'replierName': ""Accommodation's Reply"", 'reviewReplyText': 'Hai Kak Putri i. s, \nTerima kasih telah memilih Hayo Hotel Palembang selama berkunjung di kota Palembang. Senang mendengar Kakak menikmati fasilitas kami. Kami mohon maaf atas pengalaman yang kurang berkenan selama bersama kami, menjadi masukan untuk kami ke depannya, kami tunggu kedatangannya kembali di Hayo Hotel Palembang, Hotel dekat ptc dan Bandara Palembang. Hormat kami, Management.', 'reviewReplyOriginalText': 'Hai Kak Putri i. s, \nTerima kasih telah memilih Hayo Hotel Palembang selama berkunjung di kota Palembang. Senang mendengar Kakak menikmati fasilitas kami. Kami mohon maaf atas pengalaman yang kurang berkenan selama bersama kami, menjadi masukan untuk kami ke depannya, kami tunggu kedatangannya kembali di Hayo Hotel Palembang, Hotel dekat ptc dan Bandara Palembang. Hormat kami, Management.', 'reviewReplySubmissionTime': {'month': '8', 'day': '13', 'year': '2024'}, 'reviewReplyTranslationStatus': 'ORIGINAL'}","{'topSection': {'additionalInformationLabel': 'Transit', 'additionalInformationIcon': 'https://ik.imagekit.io/tvlk/image/imageResource/2024/10/08/1728378081573-fb82360f6ef37bfb8cac8350209a05ec.png?tr=q-75'}, 'bottomSection': None}",[],"{'reactionCount': '0', 'hasReacted': False}",TRAVELOKA,,https://ik.imagekit.io/tvlk/image/imageResource/2024/05/15/1715766038135-fac45f7f34fa60416004be216ee5c386.png?tr=q-75
1806688697495600185,HOTEL,"{'reviewerId': None, 'reviewerName': 'M***d', 'reviewerPhotoUrl': None, 'reviewerAppLink': None, 'reviewerWebLink': None, 'reviewerStatus': 'ANONYMOUS', 'reviewerOrigin': None, 'reviewerBadgeUrl': None, 'reviewerToken': None}",1722992608539,5.7,10.0,Security nya tidak ada bantu ketika kita mau parkir atau keluarkan mobil.,Security nya tidak ada bantu ketika kita mau parkir atau keluarkan mobil.,ORIGINAL,[],"{'replierName': ""Accommodation's Reply"", 'reviewReplyText': 'Hai Kak M**, Terima kasih telah memilih Hayo Hotel Palembang selama berkunjung di kota Palembang. Senang mendengar Kakak menikmati fasilitas kami. Kami mohon maaf atas pengalaman yang kurang berkenan selama bersama kami, menjadi masukan untuk kami kedepannya, kami tunggu kedatangannya kembali di Hayo Hotel Palembang, Hotel dekat ptc dan Bandara Palembang. Hormat kami, Management.', 'reviewReplyOriginalText': 'Hai Kak M**, Terima kasih telah memilih Hayo Hotel Palembang selama berkunjung di kota Palembang. Senang mendengar Kakak menikmati fasilitas kami. Kami mohon maaf atas pengalaman yang kurang berkenan selama bersama kami, menjadi masukan untuk kami kedepannya, kami tunggu kedatangannya kembali di Hayo Hotel Palembang, Hotel dekat ptc dan Bandara Palembang. Hormat kami, Management.', 'reviewReplySubmissionTime': {'month': '8', 'day': '8', 'year': '2024'}, 'reviewReplyTranslationStatus': 'ORIGINAL'}",,[],"{'reactionCount': '1', 'hasReacted': False}",TRAVELOKA,,https://ik.imagekit.io/tvlk/image/imageResource/2024/05/15/1715766038135-fac45f7f34fa60416004be216ee5c386.png?tr=q-75
1800990809935325753,HOTEL,"{'reviewerId': None, 'reviewerName': 'I***m', 'reviewerPhotoUrl': None, 'reviewerAppLink': None, 'reviewerWebLink': None, 'reviewerStatus': 'ANONYMOUS', 'reviewerOrigin': None, 'reviewerBadgeUrl': None, 'reviewerToken': None}",1717558679515,10.0,10.0,"Staff nya ramah, makanannya enak-enak dan kamar nya bersih, tenang dan WiFi nya juga kenceng. Pokoknya recommended deeh.","Staff nya ramah, makanannya enak-enak dan kamar nya bersih, tenang dan WiFi nya juga kenceng. Pokoknya recommended deeh.",ORIGINAL,[],"{'replierName': ""Accommodation's Reply"", 'reviewReplyText': 'Hai Kak I***M, Terima kasih telah memilih Hayo Hotel Palembang selama berkunjung di kota Palembang. Senang mendengar Kakak menikmati fasilitas kami. Kami tunggu kedatangannya kembali di Hayo Hotel Palembang, Hotel dekat ptc dan Bandara Palembang. Hormat kami, Management.', 'reviewReplyOriginalText': 'Hai Kak I***M, Terima kasih telah memilih Hayo Hotel Palembang selama berkunjung di kota Palembang. Senang mendengar Kakak menikmati fasilitas kami. Kami tunggu kedatangannya kembali di Hayo Hotel Palembang, Hotel dekat ptc dan Bandara Palembang. Hormat kami, Management.', 'reviewReplySubmissionTime': {'month': '6', 'day': '13', 'year': '2024'}, 'reviewReplyTranslationStatus': 'ORIGINAL'}","{'topSection': {'additionalInformationLabel': 'Wisata', 'additionalInformationIcon': 'https://ik.imagekit.io/tvlk/image/imageResource/2024/10/08/1728378081573-fb82360f6ef37bfb8cac8350209a05ec.png?tr=q-75'}, 'bottomSection': None}",[],"{'reactionCount': '1', 'hasReacted': False}",TRAVELOKA,,https://ik.imagekit.io/tvlk/image/imageResource/2024/05/15/1715766038135-fac45f7f34fa60416004be216ee5c386.png?tr=q-75
1800441193751919710,HOTEL,"{'reviewerId': '111479570', 'reviewerName': 'Ana S. M.', 'reviewerPhotoUrl': 'https://ik.imagekit.io/tvlk/usr-profile/OvhguN8b+C-fOH2mnVeb-5+b6Dqlq98pjkxvXq6C5WM=/tvlk/usr-profile/guys1L+Yyer9kzI3sp-pb0CG1j2bhflZGFUZOoIf1YOBAm37kEUOKR41ieUZm7ZJ/usracid-user-asset-000065c634c083d5/user/asset/111479570/profile_picture/1644363202406-720x720-FIT_AND_TRIM-6491586fac7bc1018de555154155ce1a.jpeg?tr=q-40,w-145,h-145&_src=imagekit&tr=q-40,w-145,h-145&_src=imagekit', 'reviewerAppLink': 'traveloka://user_profile/111479570', 'reviewerWebLink': '/user/profile/public/Ana-ezhslt', 'reviewerStatus': 'ACTIVE', 'reviewerOrigin': None, 'reviewerBadgeUrl': None, 'reviewerToken': None}",1717034524678,9.4,10.0,"Lokasinya gampang diakses. Gak jauh dari ptc. Staffnya ramah, interior kamar bagus walaupun kecil tapi tetap bikin nyaman. Sarapannya lumayan enak walaupun gak banyak pilihannya","Lokasinya gampang diakses. Gak jauh dari ptc. Staffnya ramah, interior kamar bagus walaupun kecil tapi tetap bikin nyaman. Sarapannya lumayan enak walaupun gak banyak pilihannya",ORIGINAL,"[{'reviewMediaId': '111479570_REVIEW_1717034415825_1a2d24e3bb7d3f02', 'reviewMediaUrl': 'https://ik.imagekit.io/tvlk/ugc-review/guys1L+Yyer9kzI3sp-pb0CG1j2bhflZGFUZOoIf1YOBAm37kEUOKR41ieUZm7ZJ/ugc-photo-ap-southeast-1-581603780057-acd24e232f75f09e/REVIEW/111479570_REVIEW_1717034415825_1a2d24e3bb7d3f02?tr=q-40,c-at_max,w-720,h-1280&_src=imagekit', 'reviewMediaCategory': 'OTHER', 'reviewMediaType': 'PHOTO', 'reviewMediaCaption': '', 'reviewMediaThumbnailUrl': 'https://ik.imagekit.io/tvlk/ugc-review/guys1L+Yyer9kzI3sp-pb0CG1j2bhflZGFUZOoIf1YOBAm37kEUOKR41ieUZm7ZJ/ugc-photo-ap-southeast-1-581603780057-acd24e232f75f09e/REVIEW/111479570_REVIEW_1717034415825_1a2d24e3bb7d3f02?tr=q-40,c-at_max,w-720,h-1280&_src=imagekit', 'reactionSummary': None, 'submissionTime': {'month': '5', 'day': '30', 'year': '2024'}}, {'reviewMediaId': '111479570_REVIEW_1717034415825_16463e865b8bd3de', 'reviewMediaUrl': 'https://ik.imagekit.io/tvlk/ugc-review/guys1L+Yyer9kzI3sp-pb0CG1j2bhflZGFUZOoIf1YOBAm37kEUOKR41ieUZm7ZJ/ugc-photo-ap-southeast-1-581603780057-acd24e232f75f09e/REVIEW/111479570_REVIEW_1717034415825_16463e865b8bd3de?tr=q-40,c-at_max,w-720,h-1280&_src=imagekit', 'reviewMediaCategory': 'OTHER', 'reviewMediaType': 'PHOTO', 'reviewMediaCaption': '', 'reviewMediaThumbnailUrl': 'https://ik.imagekit.io/tvlk/ugc-review/guys1L+Yyer9kzI3sp-pb0CG1j2bhflZGFUZOoIf1YOBAm37kEUOKR41ieUZm7ZJ/ugc-photo-ap-southeast-1-581603780057-acd24e232f75f09e/REVIEW/111479570_REVIEW_1717034415825_16463e865b8bd3de?tr=q-40,c-at_max,w-720,h-1280&_src=imagekit', 'reactionSummary': None, 'submissionTime': {'month': '5', 'day': '30', 'year': '2024'}}, {'reviewMediaId': '111479570_REVIEW_1717034415825_36f8c7e80094daa5', 'reviewMediaUrl': 'https://ik.imagekit.io/tvlk/ugc-review/guys1L+Yyer9kzI3sp-pb0CG1j2bhflZGFUZOoIf1YOBAm37kEUOKR41ieUZm7ZJ/ugc-photo-ap-southeast-1-581603780057-acd24e232f75f09e/REVIEW/111479570_REVIEW_1717034415825_36f8c7e80094daa5?tr=q-40,c-at_max,w-720,h-1280&_src=imagekit', 'reviewMediaCategory': 'OTHER', 'reviewMediaType': 'PHOTO', 'reviewMediaCaption': '', 'reviewMediaThumbnailUrl': 'https://ik.imagekit.io/tvlk/ugc-review/guys1L+Yyer9kzI3sp-pb0CG1j2bhflZGFUZOoIf1YOBAm37kEUOKR41ieUZm7ZJ/ugc-photo-ap-southeast-1-581603780057-acd24e232f75f09e/REVIEW/111479570_REVIEW_1717034415825_36f8c7e80094daa5?tr=q-40,c-at_max,w-720,h-1280&_src=imagekit', 'reactionSummary': None, 'submissionTime': {'month': '5', 'day': '30', 'year': '2024'}}, {'reviewMediaId': '111479570_REVIEW_1717034415824_afef36640c6a15ad', 'reviewMediaUrl': 'https://ik.imagekit.io/tvlk/ugc-review/guys1L+Yyer9kzI3sp-pb0CG1j2bhflZGFUZOoIf1YOBAm37kEUOKR41ieUZm7ZJ/ugc-photo-ap-southeast-1-581603780057-acd24e232f75f09e/REVIEW/111479570_REVIEW_1717034415824_afef36640c6a15ad?tr=q-40,c-at_max,w-720,h-1280&_src=imagekit', 'reviewMediaCategory': 'OTHER', 'reviewMediaType': 'PHOTO', 'reviewMediaCaption': '', 'reviewMediaThumbnailUrl': 'https://ik.imagekit.io/tvlk/ugc-review/guys1L+Yyer9kzI3sp-pb0CG1j2bhflZGFUZOoIf1YOBAm37kEUOKR41ieUZm7ZJ/ugc-photo-ap-southeast-1-581603780057-acd24e232f75f09e/REVIEW/111479570_REVIEW_1717034415824_afef36640c6a15ad?tr=q-40,c-at_max,w-720,h-1280&_src=imagekit', 'reactionSummary': None, 'submissionTime': {'month': '5', 'day': '30', 'year': '2024'}}, {'reviewMediaId': '111479570_REVIEW_1717034415824_0303d05d9edc8b48', 'reviewMediaUrl': 'https://ik.imagekit.io/tvlk/ugc-review/guys1L+Yyer9kzI3sp-pb0CG1j2bhflZGFUZOoIf1YOBAm37kEUOKR41ieUZm7ZJ/ugc-photo-ap-southeast-1-581603780057-acd24e232f75f09e/REVIEW/111479570_REVIEW_1717034415824_0303d05d9edc8b48?tr=q-40,c-at_max,w-720,h-1280&_src=imagekit', 'reviewMediaCategory': 'OTHER', 'reviewMediaType': 'PHOTO', 'reviewMediaCaption': '', 'reviewMediaThumbnailUrl': 'https://ik.imagekit.io/tvlk/ugc-review/guys1L+Yyer9kzI3sp-pb0CG1j2bhflZGFUZOoIf1YOBAm37kEUOKR41ieUZm7ZJ/ugc-photo-ap-southeast-1-581603780057-acd24e232f75f09e/REVIEW/111479570_REVIEW_1717034415824_0303d05d9edc8b48?tr=q-40,c-at_max,w-720,h-1280&_src=imagekit', 'reactionSummary': None, 'submissionTime': {'month': '5', 'day': '30', 'year': '2024'}}, {'reviewMediaId': '111479570_REVIEW_1717034415824_0bc26fcc9d781a98', 'reviewMediaUrl': 'https://ik.imagekit.io/tvlk/ugc-review/guys1L+Yyer9kzI3sp-pb0CG1j2bhflZGFUZOoIf1YOBAm37kEUOKR41ieUZm7ZJ/ugc-photo-ap-southeast-1-581603780057-acd24e232f75f09e/REVIEW/111479570_REVIEW_1717034415824_0bc26fcc9d781a98?tr=q-40,c-at_max,w-720,h-1280&_src=imagekit', 'reviewMediaCategory': 'OTHER', 'reviewMediaType': 'PHOTO', 'reviewMediaCaption': '', 'reviewMediaThumbnailUrl': 'https://ik.imagekit.io/tvlk/ugc-review/guys1L+Yyer9kzI3sp-pb0CG1j2bhflZGFUZOoIf1YOBAm37kEUOKR41ieUZm7ZJ/ugc-photo-ap-southeast-1-581603780057-acd24e232f75f09e/REVIEW/111479570_REVIEW_1717034415824_0bc26fcc9d781a98?tr=q-40,c-at_max,w-720,h-1280&_src=imagekit', 'reactionSummary': None, 'submissionTime': {'month': '5', 'day': '30', 'year': '2024'}}, {'reviewMediaId': '111479570_REVIEW_1717034415823_fcf37ccbb8e6195c', 'reviewMediaUrl': 'https://ik.imagekit.io/tvlk/ugc-review/guys1L+Yyer9kzI3sp-pb0CG1j2bhflZGFUZOoIf1YOBAm37kEUOKR41ieUZm7ZJ/ugc-photo-ap-southeast-1-581603780057-acd24e232f75f09e/REVIEW/111479570_REVIEW_1717034415823_fcf37ccbb8e6195c?tr=q-40,c-at_max,w-720,h-1280&_src=imagekit', 'reviewMediaCategory': 'OTHER', 'reviewMediaType': 'PHOTO', 'reviewMediaCaption': '', 'reviewMediaThumbnailUrl': 'https://ik.imagekit.io/tvlk/ugc-review/guys1L+Yyer9kzI3sp-pb0CG1j2bhflZGFUZOoIf1YOBAm37kEUOKR41ieUZm7ZJ/ugc-photo-ap-southeast-1-581603780057-acd24e232f75f09e/REVIEW/111479570_REVIEW_1717034415823_fcf37ccbb8e6195c?tr=q-40,c-at_max,w-720,h-1280&_src=imagekit', 'reactionSummary': None, 'submissionTime': {'month': '5', 'day': '30', 'year': '2024'}}]","{'replierName': ""Accommodation's Reply"", 'reviewReplyText': 'Hai Kak Ana S. M., Terima kasih telah memilih Hayo Hotel Palembang selama berkunjung di kota Palembang. Senang mendengar Kakak menikmati fasilitas kami. Kami tunggu kedatangannya kembali di Hayo Hotel Palembang, Hotel dekat ptc dan Bandara Palembang. Hormat kami, Management.', 'reviewReplyOriginalText': 'Hai Kak Ana S. M., Terima kasih telah memilih Hayo Hotel Palembang selama berkunjung di kota Palembang. Senang mendengar Kakak menikmati fasilitas kami. Kami tunggu kedatangannya kembali di Hayo Hotel Palembang, Hotel dekat ptc dan Bandara Palembang. Hormat kami, Management.', 'reviewReplySubmissionTime': {'month': '6', 'day': '4', 'year': '2024'}, 'reviewReplyTranslationStatus': 'ORIGINAL'}","{'topSection': {'additionalInformationLabel': 'Perjalanan Medis', 'additionalInformationIcon': 'https://ik.imagekit.io/tvlk/image/imageResource/2024/10/08/1728378081573-fb82360f6ef37bfb8cac8350209a05ec.png?tr=q-75'}, 'bottomSection': None}",[],"{'reactionCount': '2', 'hasReacted': False}",TRAVELOKA,,https://ik.imagekit.io/tvlk/image/imageResource/2024/05/15/1715766038135-fac45f7f34fa60416004be216ee5c386.png?tr=q-75
1800196073402154078,HOTEL,"{'reviewerId': '225446041', 'reviewerName': 'Sri M.', 'reviewerPhotoUrl': None, 'reviewerAppLink': 'traveloka://user_profile/225446041', 'reviewerWebLink': '/user/profile/public/Sri-uha4fd', 'reviewerStatus': 'ACTIVE', 'reviewerOrigin': None, 'reviewerBadgeUrl': None, 'reviewerToken': None}",1716800759691,10.0,10.0,"Bersih, nyaman, tenang. Staff ramah.","Bersih, nyaman, tenang. Staff ramah.",ORIGINAL,[],"{'replierName': ""Accommodation's Reply"", 'reviewReplyText': 'Hai Kak Sri M, Terima kasih telah memilih Hayo Hotel Palembang selama berkunjung di kota Palembang. Senang mendengar Kakak menikmati fasilitas kami. Kami tunggu kedatangannya kembali di Hayo Hotel Palembang, Hotel dekat ptc dan Bandara Palembang. Hormat kami, Management.', 'reviewReplyOriginalText': 'Hai Kak Sri M, Terima kasih telah memilih Hayo Hotel Palembang selama berkunjung di kota Palembang. Senang mendengar Kakak menikmati fasilitas kami. Kami tunggu kedatangannya kembali di Hayo Hotel Palembang, Hotel dekat ptc dan Bandara Palembang. Hormat kami, Management.', 'reviewReplySubmissionTime': {'month': '5', 'day': '28', 'year': '2024'}, 'reviewReplyTranslationStatus': 'ORIGINAL'}","{'topSection': {'additionalInformationLabel': 'Perjalanan Bisnis', 'additionalInformationIcon': 'https://ik.imagekit.io/tvlk/image/imageResource/2024/10/08/1728378081573-fb82360f6ef37bfb8cac8350209a05ec.png?tr=q-75'}, 'bottomSection': None}",[],"{'reactionCount': '0', 'hasReacted': False}",TRAVELOKA,,https://ik.imagekit.io/tvlk/image/imageResource/2024/05/15/1715766038135-fac45f7f34fa60416004be216ee5c386.png?tr=q-75
1798010946622332654,HOTEL,"{'reviewerId': None, 'reviewerName': 'W***y', 'reviewerPhotoUrl': None, 'reviewerAppLink': None, 'reviewerWebLink': None, 'reviewerStatus': 'ANONYMOUS', 'reviewerOrigin': None, 'reviewerBadgeUrl': None, 'reviewerToken': None}",1714716860400,10.0,10.0,Staf nya Ramah dan informatif. Kamar kedap dan bersih.,Staf nya Ramah dan informatif. Kamar kedap dan bersih.,ORIGINAL,"[{'reviewMediaId': '245868630_REVIEW_1714716672774_7da74f7f0507d5db', 'reviewMediaUrl': 'https://ik.imagekit.io/tvlk/ugc-review/guys1L+Yyer9kzI3sp-pb0CG1j2bhflZGFUZOoIf1YOBAm37kEUOKR41ieUZm7ZJ/ugc-photo-ap-southeast-1-581603780057-acd24e232f75f09e/REVIEW/245868630_REVIEW_1714716672774_7da74f7f0507d5db?tr=q-40,c-at_max,w-720,h-1280&_src=imagekit', 'reviewMediaCategory': 'RESTAURANT', 'reviewMediaType': 'PHOTO', 'reviewMediaCaption': '', 'reviewMediaThumbnailUrl': 'https://ik.imagekit.io/tvlk/ugc-review/guys1L+Yyer9kzI3sp-pb0CG1j2bhflZGFUZOoIf1YOBAm37kEUOKR41ieUZm7ZJ/ugc-photo-ap-southeast-1-581603780057-acd24e232f75f09e/REVIEW/245868630_REVIEW_1714716672774_7da74f7f0507d5db?tr=q-40,c-at_max,w-720,h-1280&_src=imagekit', 'reactionSummary': None, 'submissionTime': {'month': '5', 'day': '3', 'year': '2024'}}]","{'replierName': ""Accommodation's Reply"", 'reviewReplyText': 'Hai Kak W***y, Terima kasih telah memilih Hayo Hotel Palembang selama berkunjung di kota Palembang. Senang mendengar Kakak menikmati fasilitas kami. Kami tunggu kedatangannya kembali di Hayo Hotel Palembang, Hotel dekat ptc dan Bandara Palembang. Hormat kami, Management.', 'reviewReplyOriginalText': 'Hai Kak W***y, Terima kasih telah memilih Hayo Hotel Palembang selama berkunjung di kota Palembang. Senang mendengar Kakak menikmati fasilitas kami. Kami tunggu kedatangannya kembali di Hayo Hotel Palembang, Hotel dekat ptc dan Bandara Palembang. Hormat kami, Management.', 'reviewReplySubmissionTime': {'month': '5', 'day': '14', 'year': '2024'}, 'reviewReplyTranslationStatus': 'ORIGINAL'}","{'topSection': {'additionalInformationLabel': 'Perjalanan Bisnis', 'additionalInformationIcon': 'https://ik.imagekit.io/tvlk/image/imageResource/2024/10/08/1728378081573-fb82360f6ef37bfb8cac8350209a05ec.png?tr=q-75'}, 'bottomSection': None}",[],"{'reactionCount': '0', 'hasReacted': False}",TRAVELOKA,,https://ik.imagekit.io/tvlk/image/imageResource/2024/05/15/1715766038135-fac45f7f34fa60416004be216ee5c386.png?tr=q-75
128363750,HOTEL,"{'reviewerId': '140503016', 'reviewerName': 'Risma', 'reviewerPhotoUrl': None, 'reviewerAppLink': 'traveloka://user_profile/140503016', 'reviewerWebLink': '/user/profile/public/Risma-1raizx', 'reviewerStatus': 'ACTIVE', 'reviewerOrigin': None, 'reviewerBadgeUrl': None, 'reviewerToken': None}",1714114717588,5.1,10.0,"Kami pesan 3 kamar checked in jam 5:30 pagi karena kita perjalanan jauh selama 15 jam. However, mereka ga ada customer service nya jam 11:30 udah di telponin untuk checked out dan harus on time banget jam 12pm di whatsapp pula harus check out jam segitu ü§¶üèª‚Äç ‚ôÄ seakan-akan di paksa checked out. Aku tanya jam 1 Pm atleast di kasi late checked out karena kami tidur telat dan butuh prepare untuk barang-barang, kami pun tidak sempat breakfast saking cape nya menempuh perjalanan and mereka said strickly ga bisa my Goodness l never had this experience before l think 1 hour cant be too much different eventhough they have high occupancy as example! üôÑ.","Kami pesan 3 kamar checked in jam 5:30 pagi karena kita perjalanan jauh selama 15 jam. However, mereka ga ada customer service nya jam 11:30 udah di telponin untuk checked out dan harus on time banget jam 12pm di whatsapp pula harus check out jam segitu ü§¶üèª‚Äç ‚ôÄ seakan-akan di paksa checked out. Aku tanya jam 1 Pm atleast di kasi late checked out karena kami tidur telat dan butuh prepare untuk barang-barang, kami pun tidak sempat breakfast saking cape nya menempuh perjalanan and mereka said strickly ga bisa my Goodness l never had this experience before l think 1 hour cant be too much different eventhough they have high occupancy as example! üôÑ.",ORIGINAL,[],"{'replierName': ""Accommodation's Reply"", 'reviewReplyText': 'Hai Kak Risma Rachmawati, Terima kasih telah memilih Hayo Hotel Palembang selama berkunjung di kota Palembang. Mohon maaf atas pengalaman yang kurang berkenan selama bersama kami. Kami pastikan hal tersebut tidak terjadi dikemudian hari, kami tunggu kedatangannya kembali di Hayo Hotel Palembang, Hotel dekat ptc dan Bandara Palembang. Hormat kami, Management.', 'reviewReplyOriginalText': 'Hai Kak Risma Rachmawati, Terima kasih telah memilih Hayo Hotel Palembang selama berkunjung di kota Palembang. Mohon maaf atas pengalaman yang kurang berkenan selama bersama kami. Kami pastikan hal tersebut tidak terjadi dikemudian hari, kami tunggu kedatangannya kembali di Hayo Hotel Palembang, Hotel dekat ptc dan Bandara Palembang. Hormat kami, Management.', 'reviewReplySubmissionTime': {'month': '5', 'day': '14', 'year': '2024'}, 'reviewReplyTranslationStatus': 'ORIGINAL'}",,[],"{'reactionCount': '5', 'hasReacted': False}",TRAVELOKA,,https://ik.imagekit.io/tvlk/image/imageResource/2024/05/15/1715766038135-fac45f7f34fa60416004be216ee5c386.png?tr=q-75
1796004261346167965,HOTEL,"{'reviewerId': '96859314', 'reviewerName': 'Wahyu N. H.', 'reviewerPhotoUrl': None, 'reviewerAppLink': 'traveloka://user_profile/96859314', 'reviewerWebLink': '/user/profile/public/Wahyu-uenenq', 'reviewerStatus': 'ACTIVE', 'reviewerOrigin': None, 'reviewerBadgeUrl': None, 'reviewerToken': None}",1712803136197,10.0,10.0,"Anak-anak senang sekali menginap di sini karena ada tempat bermainnya, meskipun ada sedikit miss komunikasi tp semua bisa diatasi dengan baik oleh staffnya, pelayanan sangat baik dan lingkungan bersih fasilitas juga lengkap.","Anak-anak senang sekali menginap di sini karena ada tempat bermainnya, meskipun ada sedikit miss komunikasi tp semua bisa diatasi dengan baik oleh staffnya, pelayanan sangat baik dan lingkungan bersih fasilitas juga lengkap.",ORIGINAL,[],,"{'topSection': {'additionalInformationLabel': 'Staycation', 'additionalInformationIcon': 'https://ik.imagekit.io/tvlk/image/imageResource/2024/10/08/1728378081573-fb82360f6ef37bfb8cac8350209a05ec.png?tr=q-75'}, 'bottomSection': None}",[],"{'reactionCount': '3', 'hasReacted': False}",TRAVELOKA,,https://ik.imagekit.io/tvlk/image/imageResource/2024/05/15/1715766038135-fac45f7f34fa60416004be216ee5c386.png?tr=q-75
128336337,HOTEL,"{'reviewerId': '9142263', 'reviewerName': 'Agus S.', 'reviewerPhotoUrl': None, 'reviewerAppLink': 'traveloka://user_profile/9142263', 'reviewerWebLink': '/user/profile/public/Agus-r1wykp', 'reviewerStatus': 'ACTIVE', 'reviewerOrigin': None, 'reviewerBadgeUrl': None, 'reviewerToken': None}",1711529361696,8.5,10.0,"Hotelnya bersih, nyaman tapi agak jauh cari makanan. Moment puasa restonya kurang aktif. Fasilitas kamar cukup memadai sesuai harganya. Rekomen buat tamu lainnya.","Hotelnya bersih, nyaman tapi agak jauh cari makanan. Moment puasa restonya kurang aktif. Fasilitas kamar cukup memadai sesuai harganya. Rekomen buat tamu lainnya.",ORIGINAL,[],,,[],"{'reactionCount': '1', 'hasReacted': False}",TRAVELOKA,,https://ik.imagekit.io/tvlk/image/imageResource/2024/05/15/1715766038135-fac45f7f34fa60416004be216ee5c386.png?tr=q-75
1793850337132554145,HOTEL,"{'reviewerId': '299551674', 'reviewerName': 'Rio A. S.', 'reviewerPhotoUrl': None, 'reviewerAppLink': 'traveloka://user_profile/299551674', 'reviewerWebLink': '/user/profile/public/Rio-fyilo0', 'reviewerStatus': 'ACTIVE', 'reviewerOrigin': None, 'reviewerBadgeUrl': None, 'reviewerToken': None}",1710748994000,10.0,10.0,Tempatnya bersih dan nyaman. Pegawai semuanya ramah.,Tempatnya bersih dan nyaman. Pegawai semuanya ramah.,ORIGINAL,[],"{'replierName': ""Accommodation's Reply"", 'reviewReplyText': 'Hai Kak Rio A S, Terima kasih telah memilih Hayo Hotel Palembang selama berkunjung di kota Palembang. Senang mendengar Kakak menikmati fasilitas kami. Kami tunggu kedatangannya kembali di Hayo Hotel Palembang, Hotel dekat ptc dan Bandara Palembang. Hormat kami, Management.', 'reviewReplyOriginalText': 'Hai Kak Rio A S, Terima kasih telah memilih Hayo Hotel Palembang selama berkunjung di kota Palembang. Senang mendengar Kakak menikmati fasilitas kami. Kami tunggu kedatangannya kembali di Hayo Hotel Palembang, Hotel dekat ptc dan Bandara Palembang. Hormat kami, Management.', 'reviewReplySubmissionTime': {'month': '3', 'day': '27', 'year': '2024'}, 'reviewReplyTranslationStatus': 'ORIGINAL'}",,[],"{'reactionCount': '1', 'hasReacted': False}",TRAVELOKA,,https://ik.imagekit.io/tvlk/image/imageResource/2024/05/15/1715766038135-fac45f7f34fa60416004be216ee5c386.png?tr=q-75
128323830,HOTEL,"{'reviewerId': '46031354', 'reviewerName': 'Rommy I.', 'reviewerPhotoUrl': None, 'reviewerAppLink': 'traveloka://user_profile/46031354', 'reviewerWebLink': '/user/profile/public/Rommy-gspxnc', 'reviewerStatus': 'ACTIVE', 'reviewerOrigin': None, 'reviewerBadgeUrl': None, 'reviewerToken': None}",1710151824652,8.5,10.0,Hotelnya bersih dan menyenangkan.,Hotelnya bersih dan menyenangkan.,ORIGINAL,[],"{'replierName': ""Accommodation's Reply"", 'reviewReplyText': 'Hai Kak Rommy Indrawan, Terima kasih telah memilih Hayo Hotel Palembang selama berkunjung di kota Palembang. Senang mendengar Kakak menikmati fasilitas kami. Kami tunggu kedatangannya kembali di Hayo Hotel Palembang, Hotel dekat ptc palembang. Hormat kami, Management.', 'reviewReplyOriginalText': 'Hai Kak Rommy Indrawan, Terima kasih telah memilih Hayo Hotel Palembang selama berkunjung di kota Palembang. Senang mendengar Kakak menikmati fasilitas kami. Kami tunggu kedatangannya kembali di Hayo Hotel Palembang, Hotel dekat ptc palembang. Hormat kami, Management.', 'reviewReplySubmissionTime': {'month': '3', 'day': '19', 'year': '2024'}, 'reviewReplyTranslationStatus': 'ORIGINAL'}",,[],"{'reactionCount': '0', 'hasReacted': False}",TRAVELOKA,,https://ik.imagekit.io/tvlk/image/imageResource/2024/05/15/1715766038135-fac45f7f34fa60416004be216ee5c386.png?tr=q-75
128297357,HOTEL,"{'reviewerId': None, 'reviewerName': 'Irsa Septiawan', 'reviewerPhotoUrl': None, 'reviewerAppLink': None, 'reviewerWebLink': None, 'reviewerStatus': 'GUEST', 'reviewerOrigin': None, 'reviewerBadgeUrl': None, 'reviewerToken': None}",1708842738659,9.4,10.0,"Sebaiknya cek berkala fungsi water heater. Kurang panas. Secara Keseluruhan, Sangat Baik. Bersih.","Sebaiknya cek berkala fungsi water heater. Kurang panas. Secara Keseluruhan, Sangat Baik. Bersih.",ORIGINAL,[],"{'replierName': ""Accommodation's Reply"", 'reviewReplyText': 'Hai Kak Irsa Septiawan, Terima kasih telah memilih Hayo Hotel Palembang selama berkunjung di kota Palembang. Senang mendengar Kakak menikmati fasilitas kami. Kami tunggu kedatangannya kembali di Hayo Hotel Palembang, Hotel dekat ptc palembang. Hormat kami, Management.', 'reviewReplyOriginalText': 'Hai Kak Irsa Septiawan, Terima kasih telah memilih Hayo Hotel Palembang selama berkunjung di kota Palembang. Senang mendengar Kakak menikmati fasilitas kami. Kami tunggu kedatangannya kembali di Hayo Hotel Palembang, Hotel dekat ptc palembang. Hormat kami, Management.', 'reviewReplySubmissionTime': {'month': '2', 'day': '29', 'year': '2024'}, 'reviewReplyTranslationStatus': 'ORIGINAL'}",,[],"{'reactionCount': '1', 'hasReacted': False}",TRAVELOKA,,https://ik.imagekit.io/tvlk/image/imageResource/2024/05/15/1715766038135-fac45f7f34fa60416004be216ee5c386.png?tr=q-75
128269654,HOTEL,"{'reviewerId': '4781028', 'reviewerName': 'Rangga S. N.', 'reviewerPhotoUrl': None, 'reviewerAppLink': 'traveloka://user_profile/4781028', 'reviewerWebLink': '/user/profile/public/Rangga-ho6tiz', 'reviewerStatus': 'ACTIVE', 'reviewerOrigin': None, 'reviewerBadgeUrl': None, 'reviewerToken': None}",1708154697293,8.5,10.0,"Enak nyaman, harga oke ‚Ä¶ rekomen banget.","Enak nyaman, harga oke ‚Ä¶ rekomen banget.",ORIGINAL,[],"{'replierName': ""Accommodation's Reply"", 'reviewReplyText': 'Hai Kak Rangga Selo, Terima kasih telah memilih Hayo Hotel Palembang selama berkunjung di kota Palembang. Senang mendengar Kakak menikmati fasilitas kami. Kami tunggu kedatangannya kembali di Hayo Hotel Palembang, Hotel dekat ptc palembang. Hormat kami, Management.', 'reviewReplyOriginalText': 'Hai Kak Rangga Selo, Terima kasih telah memilih Hayo Hotel Palembang selama berkunjung di kota Palembang. Senang mendengar Kakak menikmati fasilitas kami. Kami tunggu kedatangannya kembali di Hayo Hotel Palembang, Hotel dekat ptc palembang. Hormat kami, Management.', 'reviewReplySubmissionTime': {'month': '2', 'day': '29', 'year': '2024'}, 'reviewReplyTranslationStatus': 'ORIGINAL'}",,[],"{'reactionCount': '1', 'hasReacted': False}",TRAVELOKA,,https://ik.imagekit.io/tvlk/image/imageResource/2024/05/15/1715766038135-fac45f7f34fa60416004be216ee5c386.png?tr=q-75
128264435,HOTEL,"{'reviewerId': '258564136', 'reviewerName': 'yandri c.', 'reviewerPhotoUrl': None, 'reviewerAppLink': 'traveloka://user_profile/258564136', 'reviewerWebLink': '/user/profile/public/yandri-joyzxp', 'reviewerStatus': 'ACTIVE', 'reviewerOrigin': None, 'reviewerBadgeUrl': None, 'reviewerToken': None}",1708039009223,10.0,10.0,"Hotel yang nyaman, aman, dengan buget yang terjangkau, makanannya lumayan enak.","Hotel yang nyaman, aman, dengan buget yang terjangkau, makanannya lumayan enak.",ORIGINAL,[],"{'replierName': ""Accommodation's Reply"", 'reviewReplyText': 'Hai Kak Yandri Candra, Terima kasih telah memilih Hayo Hotel Palembang selama berkunjung di kota Palembang. Senang mendengar Kakak menikmati fasilitas kami. Kami tunggu kedatangannya kembali di Hayo Hotel Palembang, Hotel dekat ptc palembang. Hormat kami, Management.', 'reviewReplyOriginalText': 'Hai Kak Yandri Candra, Terima kasih telah memilih Hayo Hotel Palembang selama berkunjung di kota Palembang. Senang mendengar Kakak menikmati fasilitas kami. Kami tunggu kedatangannya kembali di Hayo Hotel Palembang, Hotel dekat ptc palembang. Hormat kami, Management.', 'reviewReplySubmissionTime': {'month': '2', 'day': '29', 'year': '2024'}, 'reviewReplyTranslationStatus': 'ORIGINAL'}",,[],"{'reactionCount': '0', 'hasReacted': False}",TRAVELOKA,,https://ik.imagekit.io/tvlk/image/imageResource/2024/05/15/1715766038135-fac45f7f34fa60416004be216ee5c386.png?tr=q-75
128248463,HOTEL,"{'reviewerId': '302894530', 'reviewerName': 'Fahdina G. A.', 'reviewerPhotoUrl': None, 'reviewerAppLink': 'traveloka://user_profile/302894530', 'reviewerWebLink': '/user/profile/public/Fahdina-j4i36s', 'reviewerStatus': 'ACTIVE', 'reviewerOrigin': None, 'reviewerBadgeUrl': None, 'reviewerToken': None}",1707665953261,10.0,10.0,"Pelayanannya oke bgtt, sgala macem request tamu hotel dipenuhi dengan baikk! Tempatnya bersihh no minuss.","Pelayanannya oke bgtt, sgala macem request tamu hotel dipenuhi dengan baikk! Tempatnya bersihh no minuss.",ORIGINAL,[],"{'replierName': ""Accommodation's Reply"", 'reviewReplyText': 'Hai Kak Fahdina Ghina Aliya, Terima kasih telah memilih Hayo Hotel Palembang selama berkunjung di kota Palembang. Senang mendengar Kakak menikmati fasilitas kami. Kami tunggu kedatangannya kembali di Hayo Hotel Palembang, Hotel dekat ptc palembang. Hormat kami, Management.', 'reviewReplyOriginalText': 'Hai Kak Fahdina Ghina Aliya, Terima kasih telah memilih Hayo Hotel Palembang selama berkunjung di kota Palembang. Senang mendengar Kakak menikmati fasilitas kami. Kami tunggu kedatangannya kembali di Hayo Hotel Palembang, Hotel dekat ptc palembang. Hormat kami, Management.', 'reviewReplySubmissionTime': {'month': '2', 'day': '29', 'year': '2024'}, 'reviewReplyTranslationStatus': 'ORIGINAL'}",,[],"{'reactionCount': '3', 'hasReacted': False}",TRAVELOKA,,https://ik.imagekit.io/tvlk/image/imageResource/2024/05/15/1715766038135-fac45f7f34fa60416004be216ee5c386.png?tr=q-75
128072475,HOTEL,"{'reviewerId': '159446159', 'reviewerName': 'Supra J. P.', 'reviewerPhotoUrl': None, 'reviewerAppLink': 'traveloka://user_profile/159446159', 'reviewerWebLink': '/user/profile/public/Supra-xtuzdn', 'reviewerStatus': 'ACTIVE', 'reviewerOrigin': None, 'reviewerBadgeUrl': None, 'reviewerToken': None}",1703948284553,9.7,10.0,"Kamar bersih, makanan enak swmua, nyaman banget. Next bakal balik lagi kesini ‚ù§.","Kamar bersih, makanan enak swmua, nyaman banget. Next bakal balik lagi kesini ‚ù§.",ORIGINAL,[],"{'replierName': ""Accommodation's Reply"", 'reviewReplyText': 'Hai Kak Septi Malidda,\n\nTerima kasih telah memilih Hayo Hotel Palembang selama berkunjung di kota Palembang. Senang mendengar Kakak menikmati fasilitas kami.\nKami tunggu kedatangannya kembali di Hayo Hotel Palembang, Hotel dekat PTC Palembang.\nHormat kami,\n\nManagement', 'reviewReplyOriginalText': 'Hai Kak Septi Malidda,\n\nTerima kasih telah memilih Hayo Hotel Palembang selama berkunjung di kota Palembang. Senang mendengar Kakak menikmati fasilitas kami.\nKami tunggu kedatangannya kembali di Hayo Hotel Palembang, Hotel dekat PTC Palembang.\nHormat kami,\n\nManagement', 'reviewReplySubmissionTime': {'month': '1', 'day': '4', 'year': '2024'}, 'reviewReplyTranslationStatus': 'ORIGINAL'}",,[],"{'reactionCount': '0', 'hasReacted': False}",TRAVELOKA,,https://ik.imagekit.io/tvlk/image/imageResource/2024/05/15/1715766038135-fac45f7f34fa60416004be216ee5c386.png?tr=q-75
127992464,HOTEL,"{'reviewerId': '114866226', 'reviewerName': 'Etika F.', 'reviewerPhotoUrl': None, 'reviewerAppLink': 'traveloka://user_profile/114866226', 'reviewerWebLink': '/user/profile/public/Etika-a4cowu', 'reviewerStatus': 'ACTIVE', 'reviewerOrigin': None, 'reviewerBadgeUrl': None, 'reviewerToken': None}",1702703213890,6.7,10.0,Tidak ada lemari dan kamar sempit untuk sholat di kamar saja susah. Untuk sarapan tidak banyak pilihan. Dan parkir sangat sempit kami mau keluar jadi susah.,Tidak ada lemari dan kamar sempit untuk sholat di kamar saja susah. Untuk sarapan tidak banyak pilihan. Dan parkir sangat sempit kami mau keluar jadi susah.,ORIGINAL,[],"{'replierName': ""Accommodation's Reply"", 'reviewReplyText': 'Hai Kak Etika Febriyanti,\n\nTerima kasih telah memilih Hayo Hotel Palembang selama berkunjung di kota Palembang. Mohon maaf atas ketidaknyamanannya selama menginap bersama kami. Masukan dari Kakak kami sampaikan ke department terkait.\nKami tunggu kedatangannya kembali di Hayo Hotel Palembang, Hotel dekat PTC Palembang.\nHormat kami,\n\nManagement', 'reviewReplyOriginalText': 'Hai Kak Etika Febriyanti,\n\nTerima kasih telah memilih Hayo Hotel Palembang selama berkunjung di kota Palembang. Mohon maaf atas ketidaknyamanannya selama menginap bersama kami. Masukan dari Kakak kami sampaikan ke department terkait.\nKami tunggu kedatangannya kembali di Hayo Hotel Palembang, Hotel dekat PTC Palembang.\nHormat kami,\n\nManagement', 'reviewReplySubmissionTime': {'month': '1', 'day': '4', 'year': '2024'}, 'reviewReplyTranslationStatus': 'ORIGINAL'}",,[],"{'reactionCount': '1', 'hasReacted': False}",TRAVELOKA,,https://ik.imagekit.io/tvlk/image/imageResource/2024/05/15/1715766038135-fac45f7f34fa60416004be216ee5c386.png?tr=q-75
127971973,HOTEL,"{'reviewerId': '306804813', 'reviewerName': 'Devina K. n. s.', 'reviewerPhotoUrl': None, 'reviewerAppLink': 'traveloka://user_profile/306804813', 'reviewerWebLink': '/user/profile/public/Devina-npvlhi', 'reviewerStatus': 'ACTIVE', 'reviewerOrigin': None, 'reviewerBadgeUrl': None, 'reviewerToken': None}",1702264116581,9.4,10.0,Untuk harga sangat‚Äù terjangkau kamar nyaman.,Untuk harga sangat‚Äù terjangkau kamar nyaman.,ORIGINAL,[],"{'replierName': ""Accommodation's Reply"", 'reviewReplyText': 'Hai Kak Devina ,\n\nTerima kasih telah memilih Hayo Hotel Palembang selama berkunjung di kota Palembang. Senang mendengar Kakak menikmati fasilitas kami.\nKami tunggu kedatangannya kembali di Hayo Hotel Palembang, Hotel dekat PTC Palembang.\nHormat kami,\n\nManagement', 'reviewReplyOriginalText': 'Hai Kak Devina ,\n\nTerima kasih telah memilih Hayo Hotel Palembang selama berkunjung di kota Palembang. Senang mendengar Kakak menikmati fasilitas kami.\nKami tunggu kedatangannya kembali di Hayo Hotel Palembang, Hotel dekat PTC Palembang.\nHormat kami,\n\nManagement', 'reviewReplySubmissionTime': {'month': '1', 'day': '4', 'year': '2024'}, 'reviewReplyTranslationStatus': 'ORIGINAL'}",,[],"{'reactionCount': '3', 'hasReacted': False}",TRAVELOKA,,https://ik.imagekit.io/tvlk/image/imageResource/2024/05/15/1715766038135-fac45f7f34fa60416004be216ee5c386.png?tr=q-75
127957481,HOTEL,"{'reviewerId': '80168671', 'reviewerName': 'Chartini', 'reviewerPhotoUrl': 'https://ik.imagekit.io/tvlk/usr-profile/guys1L+Yyer9kzI3sp-pb0CG1j2bhflZGFUZOoIf1YOBAm37kEUOKR41ieUZm7ZJ/usracid-user-asset-000065c634c083d5/user/asset/80168671/profile_image/1719943476087-100x100-FIT_AND_TRIM-9a8df0b97323ec87fb04d2e57ad44951.jpeg?tr=q-40,w-145,h-145&_src=imagekit', 'reviewerAppLink': 'traveloka://user_profile/80168671', 'reviewerWebLink': '/user/profile/public/Chartini-uwpzxr', 'reviewerStatus': 'ACTIVE', 'reviewerOrigin': None, 'reviewerBadgeUrl': None, 'reviewerToken': None}",1701925188919,8.4,10.0,"Tempat nya nyaman, bersih. Hanya sarapannya saja yang agak-agakkurang-agak-agakkurang. Mulai dari nasi goreng yang agak bau sampe buah yang tidak segar. Mungkin kebersihan restonya bisa ditingkatkan lagi. Terima kasih üôè.","Tempat nya nyaman, bersih. Hanya sarapannya saja yang agak-agakkurang-agak-agakkurang. Mulai dari nasi goreng yang agak bau sampe buah yang tidak segar. Mungkin kebersihan restonya bisa ditingkatkan lagi. Terima kasih üôè.",ORIGINAL,[],"{'replierName': ""Accommodation's Reply"", 'reviewReplyText': 'Hai Kak Chatini, Terima kasih telah memilih Hayo Hotel Palembang selama berkunjung di kota Palembang. Mohon maaf atas ketidaknyamanannya selama menginap bersama kami. Terima kasih atas masukannya Kak, kami jadikan pelajaran untuk lebih baik kedepannya. Kami tunggu kedatangannya kembali di Hayo Hotel Palembang, Hotel dekat ptc palembang. Hormat kami, Management.', 'reviewReplyOriginalText': 'Hai Kak Chatini, Terima kasih telah memilih Hayo Hotel Palembang selama berkunjung di kota Palembang. Mohon maaf atas ketidaknyamanannya selama menginap bersama kami. Terima kasih atas masukannya Kak, kami jadikan pelajaran untuk lebih baik kedepannya. Kami tunggu kedatangannya kembali di Hayo Hotel Palembang, Hotel dekat ptc palembang. Hormat kami, Management.', 'reviewReplySubmissionTime': {'month': '1', 'day': '4', 'year': '2024'}, 'reviewReplyTranslationStatus': 'ORIGINAL'}",,[],"{'reactionCount': '4', 'hasReacted': False}",TRAVELOKA,,https://ik.imagekit.io/tvlk/image/imageResource/2024/05/15/1715766038135-fac45f7f34fa60416004be216ee5c386.png?tr=q-75
127931931,HOTEL,"{'reviewerId': '7610828', 'reviewerName': 'Deky t.', 'reviewerPhotoUrl': 'https://ik.imagekit.io/tvlk/usr-profile/OvhguN8b+C-fOH2mnVeb-5+b6Dqlq98pjkxvXq6C5WM=/tvlk/usr-profile/guys1L+Yyer9kzI3sp-pb0CG1j2bhflZGFUZOoIf1YOBAm37kEUOKR41ieUZm7ZJ/usracid-user-asset-000065c634c083d5/user/asset/1524817167842-429x429-FIT_AND_TRIM-e625adc6e4f6ad52f70d5368be6832ab.jpeg?tr=q-40,w-145,h-145&_src=imagekit&tr=q-40,w-145,h-145&_src=imagekit', 'reviewerAppLink': 'traveloka://user_profile/7610828', 'reviewerWebLink': '/user/profile/public/Deky-lixsun', 'reviewerStatus': 'ACTIVE', 'reviewerOrigin': None, 'reviewerBadgeUrl': None, 'reviewerToken': None}",1701490559745,9.7,10.0,Sangat menyenangkan sangat recommended buat keluarga menginap di Hayo Hotel ramah pelayanan baik bersih nyaman santai suasananya dekat kemana-mana dekat dari bandara.,Sangat menyenangkan sangat recommended buat keluarga menginap di Hayo Hotel ramah pelayanan baik bersih nyaman santai suasananya dekat kemana-mana dekat dari bandara.,ORIGINAL,[],,,[],"{'reactionCount': '0', 'hasReacted': False}",TRAVELOKA,,https://ik.imagekit.io/tvlk/image/imageResource/2024/05/15/1715766038135-fac45f7f34fa60416004be216ee5c386.png?tr=q-75
127894308,HOTEL,"{'reviewerId': '19020467', 'reviewerName': 'Reyka A.', 'reviewerPhotoUrl': None, 'reviewerAppLink': 'traveloka://user_profile/19020467', 'reviewerWebLink': '/user/profile/public/Reyka-mbuu9s', 'reviewerStatus': 'ACTIVE', 'reviewerOrigin': None, 'reviewerBadgeUrl': None, 'reviewerToken': None}",1700303369262,9.4,10.0,"Ini sih nyaman banget, harga 300 ke dapet hotel senyaman itu di palembang. Recomen kalo ke palembang nginep di sini.","Ini sih nyaman banget, harga 300 ke dapet hotel senyaman itu di palembang. Recomen kalo ke palembang nginep di sini.",ORIGINAL,[],,,[],"{'reactionCount': '3', 'hasReacted': False}",TRAVELOKA,,https://ik.imagekit.io/tvlk/image/imageResource/2024/05/15/1715766038135-fac45f7f34fa60416004be216ee5c386.png?tr=q-75
127879303,HOTEL,"{'reviewerId': None, 'reviewerName': 'IRSAN GINTING', 'reviewerPhotoUrl': None, 'reviewerAppLink': None, 'reviewerWebLink': None, 'reviewerStatus': 'GUEST', 'reviewerOrigin': None, 'reviewerBadgeUrl': None, 'reviewerToken': None}",1699854868818,10.0,10.0,"Sudah langganan di sini, as always good hotel üëç.","Sudah langganan di sini, as always good hotel üëç.",ORIGINAL,[],,,[],"{'reactionCount': '4', 'hasReacted': False}",TRAVELOKA,,https://ik.imagekit.io/tvlk/image/imageResource/2024/05/15/1715766038135-fac45f7f34fa60416004be216ee5c386.png?tr=q-75
